{"cameraMode":{"drawMode":0,"name":"Shaded","section":"Shading Mode"},"sceneLighting":true,"audioPlay":false,"sceneViewState":{"m_AlwaysRefresh":false,"showFog":true,"showSkybox":true,"showFlares":true,"showImageEffects":true,"showParticleSystems":true,"showVisualEffectGraphs":true,"m_FxEnabled":true},"in2DMode":false,"pivot":{"x":-0.15825757384300233,"y":5.436086654663086,"z":-15.985208511352539},"rotation":{"x":-0.022806979715824128,"y":-0.008400642313063145,"z":0.00019178945512976497,"w":-0.9997058510780335},"size":9.51883316040039,"orthographic":false}